Wavenumber;Intensity
650,4205;0,095597
652,2841;0,089418
654,1478;0,088934
656,0115;0,093949
657,8751;0,093099
659,7388;0,090825
661,6025;0,093915
663,4661;0,091835
665,3298;0,089553
667,1935;0,092087
669,0571;0,090383
670,9208;0,085268
672,7845;0,085530
674,6481;0,086464
676,5118;0,084193
678,3755;0,080302
680,2392;0,079657
682,1028;0,081234
683,9665;0,078756
685,8302;0,076700
687,6938;0,079684
689,5575;0,081065
691,4212;0,077847
693,2848;0,076273
695,1485;0,072757
697,0122;0,068974
698,8758;0,069620
700,7395;0,069864
702,6032;0,066161
704,4669;0,062983
706,3305;0,063861
708,1942;0,066536
710,0579;0,064254
711,9215;0,058650
713,7852;0,058674
715,6489;0,060600
717,5125;0,061491
719,3762;0,061143
721,2399;0,057595
723,1035;0,053903
724,9672;0,056225
726,8309;0,059705
728,6945;0,057104
730,5582;0,053131
732,4219;0,050530
734,2856;0,051110
736,1492;0,052772
738,0129;0,050509
739,8766;0,046511
741,7402;0,046447
743,6039;0,047713
745,4676;0,048546
747,3312;0,045613
749,1949;0,040553
751,0586;0,038399
752,9222;0,039796
754,7859;0,042668
756,6496;0,039394
758,5132;0,035636
760,3769;0,035446
762,2406;0,036652
764,1043;0,036511
765,9679;0,034601
767,8316;0,032551
769,6953;0,029881
771,5589;0,029794
773,4226;0,031914
775,2863;0,029123
777,1499;0,023907
779,0136;0,023554
780,8773;0,023011
782,7409;0,021687
784,6046;0,021458
786,4683;0,019643
788,3320;0,016377
790,1956;0,013730
792,0593;0,008824
793,9230;0,006021
795,7866;0,006493
797,6503;0,005312
799,5140;0,005219
801,3776;0,007937
803,2413;0,011910
805,1050;0,016729
806,9686;0,026640
808,8323;0,043080
810,6960;0,076008
812,5596;0,129220
814,4233;0,181627
816,2870;0,196721
818,1507;0,159016
820,0143;0,101464
821,8780;0,059886
823,7417;0,039572
825,6053;0,030146
827,4690;0,023686
829,3327;0,019206
831,1963;0,019078
833,0600;0,019709
834,9237;0,018183
836,7873;0,015975
838,6510;0,015602
840,5147;0,015285
842,3784;0,015857
844,2420;0,015789
846,1057;0,011612
847,9694;0,011775
849,8330;0,014160
851,6967;0,014294
853,5604;0,013457
855,4240;0,012645
857,2877;0,012119
859,1514;0,013419
861,0150;0,013183
862,8787;0,010629
864,7424;0,010095
866,6060;0,009924
868,4697;0,009546
870,3334;0,010209
872,1971;0,010153
874,0607;0,010061
875,9244;0,010478
877,7881;0,011251
879,6517;0,011581
881,5154;0,009959
883,3791;0,010004
885,2427;0,011065
887,1064;0,009264
888,9701;0,009977
890,8337;0,012458
892,6974;0,012540
894,5611;0,011360
896,4247;0,012093
898,2884;0,012486
900,1521;0,012976
902,0158;0,015328
903,8794;0,016281
905,7431;0,016251
907,6068;0,017764
909,4704;0,019009
911,3341;0,019351
913,1978;0,022575
915,0614;0,026107
916,9251;0,027928
918,7888;0,030979
920,6524;0,033944
922,5161;0,036038
924,3798;0,037725
926,2435;0,043011
928,1071;0,051650
929,9708;0,060161
931,8345;0,070741
933,6981;0,085170
935,5618;0,102931
937,4255;0,125187
939,2891;0,156481
941,1528;0,200957
943,0165;0,261195
944,8801;0,337546
946,7438;0,418299
948,6075;0,476862
950,4711;0,480263
952,3348;0,419519
954,1985;0,328750
956,0622;0,239423
957,9258;0,163829
959,7895;0,107854
961,6532;0,074382
963,5168;0,056469
965,3805;0,045347
967,2442;0,037804
969,1078;0,032347
970,9715;0,027696
972,8352;0,024952
974,6988;0,023231
976,5625;0,021682
978,4262;0,019457
980,2899;0,017334
982,1535;0,016934
984,0172;0,016038
985,8809;0,013635
987,7445;0,012313
989,6082;0,011965
991,4719;0,010797
993,3355;0,010220
995,1992;0,010033
997,0629;0,008332
998,9265;0,006404
1000,7902;0,006045
1002,6539;0,005954
1004,5175;0,003579
1006,3812;0,001059
1008,2449;0,000036
1010,1086;-0,002177
1011,9722;-0,006192
1013,8359;-0,007628
1015,6996;-0,008261
1017,5632;-0,009288
1019,4269;-0,009067
1021,2906;-0,009193
1023,1542;-0,009317
1025,0179;-0,007600
1026,8816;-0,005141
1028,7452;-0,005366
1030,6089;-0,005156
1032,4726;-0,003247
1034,3362;-0,002315
1036,1999;-0,001980
1038,0636;-0,001344
1039,9273;0,000123
1041,7909;0,002009
1043,6546;0,003750
1045,5183;0,005665
1047,3819;0,006289
1049,2456;0,005104
1051,1093;0,005284
1052,9729;0,006526
1054,8366;0,005004
1056,7003;0,003798
1058,5639;0,004012
1060,4276;0,005382
1062,2913;0,007000
1064,1550;0,008099
1066,0186;0,009288
1067,8823;0,010575
1069,7460;0,012157
1071,6096;0,014640
1073,4733;0,017130
1075,3370;0,018014
1077,2006;0,020400
1079,0643;0,026263
1080,9280;0,032602
1082,7916;0,038206
1084,6553;0,045604
1086,5190;0,054893
1088,3826;0,065820
1090,2463;0,079276
1092,1100;0,092255
1093,9737;0,106138
1095,8373;0,122584
1097,7010;0,139628
1099,5647;0,154829
1101,4283;0,167305
1103,2920;0,176732
1105,1557;0,182487
1107,0193;0,184657
1108,8830;0,183390
1110,7467;0,180367
1112,6103;0,175569
1114,4740;0,170788
1116,3377;0,169055
1118,2014;0,172703
1120,0650;0,182525
1121,9287;0,200147
1123,7924;0,223299
1125,6560;0,242348
1127,5197;0,248855
1129,3834;0,240349
1131,2470;0,219682
1133,1107;0,193030
1134,9744;0,165298
1136,8380;0,143633
1138,7017;0,130019
1140,5654;0,120775
1142,4290;0,116114
1144,2927;0,116351
1146,1564;0,119258
1148,0201;0,125782
1149,8837;0,136877
1151,7474;0,150127
1153,6111;0,163639
1155,4747;0,178054
1157,3384;0,190634
1159,2021;0,195394
1161,0657;0,189233
1162,9294;0,172402
1164,7931;0,146106
1166,6567;0,116509
1168,5204;0,089592
1170,3841;0,067071
1172,2477;0,049750
1174,1114;0,038493
1175,9751;0,032401
1177,8388;0,028451
1179,7024;0,024519
1181,5661;0,022163
1183,4298;0,021557
1185,2934;0,021153
1187,1571;0,020392
1189,0208;0,019075
1190,8844;0,018315
1192,7481;0,017414
1194,6118;0,016787
1196,4754;0,015630
1198,3391;0,014011
1200,2028;0,013920
1202,0665;0,014003
1203,9301;0,013819
1205,7938;0,014034
1207,6575;0,014241
1209,5211;0,013698
1211,3848;0,013499
1213,2485;0,014733
1215,1121;0,015725
1216,9758;0,015572
1218,8395;0,015166
1220,7031;0,015433
1222,5668;0,016062
1224,4305;0,015920
1226,2941;0,015546
1228,1578;0,016465
1230,0215;0,017209
1231,8852;0,017358
1233,7488;0,017978
1235,6125;0,018795
1237,4762;0,018858
1239,3398;0,019072
1241,2035;0,019792
1243,0672;0,020291
1244,9308;0,020327
1246,7945;0,020103
1248,6582;0,020575
1250,5218;0,020591
1252,3855;0,018879
1254,2492;0,017184
1256,1129;0,015056
1257,9765;0,012148
1259,8402;0,010649
1261,7039;0,012450
1263,5675;0,016132
1265,4312;0,020533
1267,2949;0,025741
1269,1585;0,030163
1271,0222;0,034255
1272,8859;0,039008
1274,7495;0,042590
1276,6132;0,045130
1278,4769;0,048807
1280,3405;0,053660
1282,2042;0,058268
1284,0679;0,062811
1285,9316;0,067532
1287,7952;0,072439
1289,6589;0,077566
1291,5226;0,083078
1293,3862;0,088379
1295,2499;0,092046
1297,1136;0,095580
1298,9772;0,100041
1300,8409;0,102826
1302,7046;0,103135
1304,5682;0,103560
1306,4319;0,104299
1308,2956;0,103733
1310,1592;0,102186
1312,0229;0,099940
1313,8866;0,095813
1315,7503;0,091250
1317,6139;0,086817
1319,4776;0,081494
1321,3413;0,075516
1323,2049;0,070040
1325,0686;0,065698
1326,9323;0,062561
1328,7959;0,060600
1330,6596;0,060279
1332,5233;0,062134
1334,3869;0,066209
1336,2506;0,071193
1338,1143;0,075666
1339,9780;0,077115
1341,8416;0,074091
1343,7053;0,067555
1345,5690;0,060063
1347,4326;0,053680
1349,2963;0,049405
1351,1600;0,047904
1353,0236;0,049175
1354,8873;0,052820
1356,7510;0,059226
1358,6146;0,069573
1360,4783;0,084168
1362,3420;0,100849
1364,2056;0,116882
1366,0693;0,128417
1367,9330;0,132365
1369,7967;0,131245
1371,6603;0,131930
1373,5240;0,139104
1375,3877;0,152267
1377,2513;0,163766
1379,1150;0,161798
1380,9787;0,143152
1382,8423;0,116951
1384,7060;0,093606
1386,5697;0,077615
1388,4333;0,068265
1390,2970;0,063148
1392,1607;0,060468
1394,0244;0,059518
1395,8880;0,060980
1397,7517;0,063674
1399,6154;0,065176
1401,4790;0,065789
1403,3427;0,067463
1405,2064;0,069552
1407,0700;0,069310
1408,9337;0,067397
1410,7974;0,065360
1412,6610;0,062855
1414,5247;0,060291
1416,3884;0,058277
1418,2520;0,055638
1420,1157;0,052351
1421,9794;0,050546
1423,8431;0,049522
1425,7067;0,047666
1427,5704;0,045441
1429,4341;0,043916
1431,2977;0,042734
1433,1614;0,040983
1435,0251;0,039649
1436,8887;0,038612
1438,7524;0,036977
1440,6161;0,036374
1442,4797;0,036888
1444,3434;0,037397
1446,2071;0,038512
1448,0707;0,041772
1449,9344;0,046287
1451,7981;0,050338
1453,6618;0,054042
1455,5254;0,058127
1457,3891;0,061635
1459,2528;0,065486
1461,1164;0,071472
1462,9801;0,077302
1464,8438;0,080621
1466,7074;0,080423
1468,5711;0,075536
1470,4348;0,066567
1472,2984;0,057005
1474,1621;0,049296
1476,0258;0,043553
1477,8895;0,038458
1479,7531;0,033329
1481,6168;0,029974
1483,4805;0,027509
1485,3441;0,024481
1487,2078;0,022107
1489,0715;0,020066
1490,9351;0,017976
1492,7988;0,016715
1494,6625;0,015917
1496,5261;0,014575
1498,3898;0,013289
1500,2535;0,012976
1502,1171;0,013115
1503,9808;0,012847
1505,8445;0,011671
1507,7082;0,010600
1509,5718;0,010188
1511,4355;0,009710
1513,2992;0,009557
1515,1628;0,009227
1517,0265;0,007861
1518,8902;0,006914
1520,7538;0,007321
1522,6175;0,007020
1524,4812;0,006024
1526,3448;0,005943
1528,2085;0,006138
1530,0722;0,005742
1531,9359;0,005511
1533,7995;0,005374
1535,6632;0,005542
1537,5269;0,005881
1539,3905;0,006177
1541,2542;0,006193
1543,1179;0,005579
1544,9815;0,004592
1546,8452;0,004668
1548,7089;0,005225
1550,5725;0,005112
1552,4362;0,004390
1554,2999;0,003502
1556,1635;0,003359
1558,0272;0,003611
1559,8909;0,003446
1561,7546;0,003122
1563,6182;0,002724
1565,4819;0,002929
1567,3456;0,003257
1569,2092;0,002692
1571,0729;0,002387
1572,9366;0,003099
1574,8002;0,003402
1576,6639;0,003192
1578,5276;0,003418
1580,3912;0,003162
1582,2549;0,002624
1584,1186;0,002427
1585,9822;0,002444
1587,8459;0,002527
1589,7096;0,002455
1591,5733;0,002385
1593,4369;0,002331
1595,3006;0,001964
1597,1643;0,001852
1599,0279;0,002130
1600,8916;0,002257
1602,7553;0,001811
1604,6189;0,001621
1606,4826;0,002222
1608,3463;0,002880
1610,2099;0,002927
1612,0736;0,002596
1613,9373;0,002517
1615,8010;0,002663
1617,6646;0,002389
1619,5283;0,002195
1621,3920;0,002263
1623,2556;0,001831
1625,1193;0,001170
1626,9830;0,001502
1628,8466;0,001257
1630,7103;0,000538
1632,5740;0,001099
1634,4376;0,000947
1636,3013;0,000599
1638,1650;0,001164
1640,0286;0,000970
1641,8923;0,000809
1643,7560;0,001100
1645,6197;0,001080
1647,4833;0,001098
1649,3470;0,001455
1651,2107;0,001430
1653,0743;0,001507
1654,9380;0,001747
1656,8017;0,001178
1658,6653;0,000584
1660,5290;0,000474
1662,3927;0,000591
1664,2563;0,001401
1666,1200;0,002087
1667,9837;0,001741
1669,8474;0,001562
1671,7110;0,001465
1673,5747;0,000876
1675,4384;0,001374
1677,3020;0,001823
1679,1657;0,000956
1681,0294;0,000905
1682,8930;0,001619
1684,7567;0,001453
1686,6204;0,000331
1688,4840;-0,000218
1690,3477;0,000301
1692,2114;0,000090
1694,0750;-0,000816
1695,9387;-0,000538
1697,8024;-0,000570
1699,6661;-0,002014
1701,5297;-0,001973
1703,3934;-0,000344
1705,2571;-0,000146
1707,1207;-0,000417
1708,9844;0,000002
1710,8481;0,000064
1712,7117;0,000881
1714,5754;0,001877
1716,4391;0,001183
1718,3027;0,000933
1720,1664;0,001371
1722,0301;0,000832
1723,8937;0,000453
1725,7574;0,001039
1727,6211;0,001144
1729,4848;0,000730
1731,3484;0,001564
1733,2121;0,002476
1735,0758;0,001521
1736,9394;0,001096
1738,8031;0,002035
1740,6668;0,002476
1742,5304;0,002543
1744,3941;0,002663
1746,2578;0,002415
1748,1214;0,002400
1749,9851;0,002864
1751,8488;0,002179
1753,7125;0,001270
1755,5761;0,001840
1757,4398;0,002322
1759,3035;0,002200
1761,1671;0,002902
1763,0308;0,003331
1764,8945;0,002675
1766,7581;0,002757
1768,6218;0,003457
1770,4855;0,003281
1772,3491;0,002574
1774,2128;0,002401
1776,0765;0,002681
1777,9401;0,001977
1779,8038;0,001234
1781,6675;0,001603
1783,5312;0,001493
1785,3948;0,000330
1787,2585;-0,000035
1789,1222;0,000605
1790,9858;0,000943
1792,8495;0,000775
1794,7132;0,000595
1796,5768;0,000042
1798,4405;-0,000140
1800,3042;0,000656
1802,1678;0,000963
1804,0315;0,000564
1805,8952;0,000072
1807,7589;-0,000005
1809,6225;0,000273
1811,4862;-0,000334
1813,3499;-0,000335
1815,2135;0,000386
1817,0772;-0,000608
1818,9409;-0,000805
1820,8045;0,000156
1822,6682;-0,001046
1824,5319;-0,001681
1826,3955;-0,000778
1828,2592;-0,000111
1830,1229;0,000315
1831,9865;0,000473
1833,8502;-0,000293
1835,7139;-0,001080
1837,5776;-0,001303
1839,4412;-0,001058
1841,3049;-0,001503
1843,1686;-0,002583
1845,0322;-0,002023
1846,8959;-0,001047
1848,7596;-0,000456
1850,6232;0,000171
1852,4869;0,000371
1854,3506;-0,000421
1856,2142;-0,000132
1858,0779;0,001003
1859,9416;-0,000040
1861,8052;-0,001105
1863,6689;-0,001242
1865,5326;-0,001270
1867,3963;-0,000355
1869,2599;-0,001012
1871,1236;-0,002410
1872,9873;-0,001533
1874,8509;-0,000620
1876,7146;-0,000421
1878,5783;0,000222
1880,4419;-0,000224
1882,3056;-0,001889
1884,1693;-0,003209
1886,0329;-0,003360
1887,8966;-0,003177
1889,7603;-0,003100
1891,6240;-0,003094
1893,4876;-0,003176
1895,3513;-0,003568
1897,2150;-0,004020
1899,0786;-0,004288
1900,9423;-0,004547
1902,8060;-0,004856
1904,6696;-0,004552
1906,5333;-0,005179
1908,3970;-0,006382
1910,2606;-0,005020
1912,1243;-0,005666
1913,9880;-0,006777
1915,8516;-0,002266
1917,7153;-0,000865
1919,5790;-0,003098
1921,4427;-0,002703
1923,3063;-0,002022
1925,1700;-0,002139
1927,0337;-0,002760
1928,8973;-0,003536
1930,7610;-0,003788
1932,6247;-0,002983
1934,4883;-0,002531
1936,3520;-0,002336
1938,2157;0,000250
1940,0793;0,000048
1941,9430;-0,003113
1943,8067;-0,001794
1945,6704;-0,000819
1947,5340;-0,003703
1949,3977;-0,004710
1951,2614;-0,003497
1953,1250;-0,001577
1954,9887;-0,000123
1956,8524;0,000794
1958,7160;-0,001967
1960,5797;-0,010459
1962,4434;-0,010900
1964,3070;-0,003984
1966,1707;-0,002193
1968,0344;-0,008237
1969,8980;-0,009823
1971,7617;-0,005647
1973,6254;-0,006438
1975,4891;-0,008439
1977,3527;-0,009049
1979,2164;-0,004873
1981,0801;0,001238
1982,9437;0,004497
1984,8074;0,003899
1986,6711;-0,000678
1988,5347;-0,004187
1990,3984;-0,004501
1992,2621;-0,002369
1994,1257;-0,001656
1995,9894;-0,001994
1997,8531;-0,001584
1999,7167;-0,003980
2001,5804;-0,004460
2003,4441;-0,002536
2005,3078;-0,003856
2007,1714;-0,007512
2009,0351;-0,006126
2010,8988;0,005432
2012,7624;0,008618
2014,6261;-0,000559
2016,4898;-0,000917
2018,3534;-0,000731
2020,2171;-0,005931
2022,0808;-0,005466
2023,9444;-0,007930
2025,8081;-0,010642
2027,6718;-0,004066
2029,5355;-0,004380
2031,3991;-0,013966
2033,2628;-0,011948
2035,1265;-0,001104
2036,9901;0,001488
2038,8538;-0,001294
2040,7175;-0,000756
2042,5811;-0,000032
2044,4448;-0,000922
2046,3085;-0,001313
2048,1721;-0,002168
2050,0358;-0,000275
2051,8995;0,000281
2053,7631;-0,001177
2055,6268;-0,000186
2057,4905;-0,002282
2059,3542;-0,000769
2061,2178;0,003527
2063,0815;-0,000103
2064,9452;-0,003719
2066,8088;-0,002626
2068,6725;-0,000305
2070,5362;-0,001466
2072,3998;-0,003350
2074,2635;-0,002016
2076,1272;-0,001649
2077,9908;-0,002389
2079,8545;-0,001350
2081,7182;0,000052
2083,5819;-0,001539
2085,4455;-0,004329
2087,3092;-0,001758
2089,1729;0,002026
2091,0365;0,001992
2092,9002;-0,000010
2094,7639;-0,003409
2096,6275;-0,004624
2098,4912;-0,002883
2100,3549;-0,001150
2102,2185;-0,003019
2104,0822;-0,002831
2105,9459;0,000971
2107,8095;0,000268
2109,6732;-0,000993
2111,5369;0,000845
2113,4006;0,000306
2115,2642;-0,000358
2117,1279;0,000637
2118,9916;-0,000712
2120,8552;-0,000465
2122,7189;0,001908
2124,5826;0,000679
2126,4462;-0,000546
2128,3099;0,001089
2130,1736;0,000373
2132,0372;-0,002048
2133,9009;-0,003679
2135,7646;-0,004353
2137,6282;-0,003522
2139,4919;-0,002875
2141,3556;-0,000922
2143,2193;0,001403
2145,0829;-0,000493
2146,9466;-0,004618
2148,8103;-0,005406
2150,6739;-0,005297
2152,5376;-0,007325
2154,4013;-0,008275
2156,2649;-0,009328
2158,1286;-0,006733
2159,9923;-0,003531
2161,8559;-0,009186
2163,7196;-0,005485
2165,5833;0,003351
2167,4470;0,000806
2169,3106;-0,002810
2171,1743;-0,003235
2173,0380;-0,003692
2174,9016;-0,000599
2176,7653;0,002808
2178,6290;0,000846
2180,4926;-0,004053
2182,3563;-0,007929
2184,2200;-0,006178
2186,0836;-0,002694
2187,9473;-0,005396
2189,8110;-0,009301
2191,6746;-0,005251
2193,5383;-0,000044
2195,4020;-0,003036
2197,2657;-0,005749
2199,1293;-0,004965
2200,9930;-0,006797
2202,8567;-0,009067
2204,7203;-0,008580
2206,5840;-0,009617
2208,4477;-0,012189
2210,3113;-0,009231
2212,1750;-0,005281
2214,0387;-0,008104
2215,9023;-0,008989
2217,7660;-0,003559
2219,6297;-0,003147
2221,4934;-0,004710
2223,3570;-0,003295
2225,2207;-0,004097
2227,0844;-0,006353
2228,9480;-0,005702
2230,8117;-0,002186
2232,6754;-0,003777
2234,5390;-0,008894
2236,4027;-0,007246
2238,2664;-0,004564
2240,1300;-0,006005
2241,9937;-0,005405
2243,8574;-0,002479
2245,7210;-0,002002
2247,5847;-0,003861
2249,4484;-0,004978
2251,3121;-0,004715
2253,1757;-0,003462
2255,0394;-0,003395
2256,9031;-0,005278
2258,7667;-0,005605
2260,6304;-0,005582
2262,4941;-0,006998
2264,3577;-0,006625
2266,2214;-0,004100
2268,0851;-0,004659
2269,9487;-0,007344
2271,8124;-0,006694
2273,6761;-0,004239
2275,5397;-0,003605
2277,4034;-0,005544
2279,2671;-0,005754
2281,1308;-0,003167
2282,9944;-0,002022
2284,8581;-0,003157
2286,7218;-0,002621
2288,5854;0,000091
2290,4491;0,000146
2292,3128;-0,002195
2294,1764;-0,002279
2296,0401;-0,001150
2297,9038;-0,001234
2299,7674;-0,001287
2301,6311;-0,001266
2303,4948;-0,001851
2305,3585;-0,002126
2307,2221;-0,001945
2309,0858;-0,000877
2310,9495;-0,000648
2312,8131;-0,001946
2314,6768;-0,002178
2316,5405;-0,001254
2318,4041;-0,000523
2320,2678;-0,000807
2322,1315;-0,001233
2323,9951;-0,001196
2325,8588;-0,001079
2327,7225;-0,001079
2329,5861;-0,001226
2331,4498;-0,001617
2333,3135;-0,002038
2335,1772;-0,001719
2337,0408;-0,001552
2338,9045;-0,001958
2340,7682;-0,001713
2342,6318;-0,000589
2344,4955;-0,000126
2346,3592;0,000011
2348,2228;0,000121
2350,0865;-0,000319
2351,9502;0,000116
2353,8138;0,000745
2355,6775;0,000399
2357,5412;0,000393
2359,4049;0,000911
2361,2685;0,001248
2363,1322;0,000773
2364,9959;0,000152
2366,8595;0,000812
2368,7232;0,001360
2370,5869;0,000890
2372,4505;0,000608
2374,3142;0,000938
2376,1779;0,000671
2378,0415;0,000351
2379,9052;0,001200
2381,7689;0,001637
2383,6325;0,001256
2385,4962;0,001678
2387,3599;0,001612
2389,2236;0,000704
2391,0872;0,000494
2392,9509;0,001050
2394,8146;0,001460
2396,6782;0,001399
2398,5419;0,001323
2400,4056;0,001345
2402,2692;0,000944
2404,1329;0,001653
2405,9966;0,003298
2407,8602;0,002940
2409,7239;0,000836
2411,5876;0,000425
2413,4512;0,001179
2415,3149;0,001216
2417,1786;0,000943
2419,0423;0,001146
2420,9059;0,001357
2422,7696;0,000304
2424,6333;-0,000142
2426,4969;0,001154
2428,3606;0,000340
2430,2243;-0,001365
2432,0879;0,000073
2433,9516;0,001775
2435,8153;0,000399
2437,6789;-0,000403
2439,5426;0,001502
2441,4063;0,002087
2443,2700;0,001409
2445,1336;0,000425
2446,9973;-0,000499
2448,8610;0,000657
2450,7246;0,001255
2452,5883;0,000742
2454,4520;0,000235
2456,3156;-0,000238
2458,1793;0,000527
2460,0430;0,000844
2461,9066;0,000160
2463,7703;0,000682
2465,6340;0,001173
2467,4976;0,000707
2469,3613;0,002510
2471,2250;0,003338
2473,0887;0,000977
2474,9523;0,000578
2476,8160;0,002054
2478,6797;0,002137
2480,5433;0,002020
2482,4070;0,002138
2484,2707;0,001588
2486,1343;0,002001
2487,9980;0,002588
2489,8617;0,001901
2491,7253;0,001967
2493,5890;0,001712
2495,4527;0,001723
2497,3164;0,002527
2499,1800;0,002541
2501,0437;0,002862
2502,9074;0,003317
2504,7710;0,002853
2506,6347;0,002632
2508,4984;0,002982
2510,3620;0,002861
2512,2257;0,002270
2514,0894;0,002065
2515,9530;0,001524
2517,8167;0,001654
2519,6804;0,003147
2521,5440;0,003280
2523,4077;0,002731
2525,2714;0,002697
2527,1351;0,003392
2528,9987;0,004131
2530,8624;0,003837
2532,7261;0,002877
2534,5897;0,002421
2536,4534;0,002875
2538,3171;0,003613
2540,1807;0,002939
2542,0444;0,001563
2543,9081;0,002233
2545,7717;0,002954
2547,6354;0,001893
2549,4991;0,002395
2551,3627;0,003182
2553,2264;0,001885
2555,0901;0,001813
2556,9538;0,003098
2558,8174;0,002613
2560,6811;0,001779
2562,5448;0,003814
2564,4084;0,005967
2566,2721;0,005394
2568,1358;0,003812
2569,9994;0,002711
2571,8631;0,002752
2573,7268;0,003711
2575,5904;0,004028
2577,4541;0,003644
2579,3178;0,002991
2581,1815;0,003396
2583,0451;0,004481
2584,9088;0,003265
2586,7725;0,002297
2588,6361;0,003938
2590,4998;0,004740
2592,3635;0,004093
2594,2271;0,004217
2596,0908;0,004594
2597,9545;0,004240
2599,8181;0,003742
2601,6818;0,004200
2603,5455;0,005496
2605,4091;0,004892
2607,2728;0,003991
2609,1365;0,004978
2611,0002;0,005070
2612,8638;0,004124
2614,7275;0,003770
2616,5912;0,003992
2618,4548;0,003823
2620,3185;0,003670
2622,1822;0,003887
2624,0458;0,004371
2625,9095;0,005206
2627,7732;0,005181
2629,6368;0,004907
2631,5005;0,005152
2633,3642;0,005502
2635,2279;0,005521
2637,0915;0,005434
2638,9552;0,005481
2640,8189;0,005496
2642,6825;0,005539
2644,5462;0,006325
2646,4099;0,007618
2648,2735;0,008066
2650,1372;0,007791
2652,0009;0,008336
2653,8645;0,009347
2655,7282;0,009210
2657,5919;0,008439
2659,4555;0,008483
2661,3192;0,008866
2663,1829;0,008546
2665,0466;0,007419
2666,9102;0,007052
2668,7739;0,007298
2670,6376;0,006779
2672,5012;0,006626
2674,3649;0,006859
2676,2286;0,006382
2678,0922;0,006059
2679,9559;0,006027
2681,8196;0,005908
2683,6832;0,005957
2685,5469;0,006032
2687,4106;0,006590
2689,2742;0,007090
2691,1379;0,007049
2693,0016;0,007528
2694,8653;0,007929
2696,7289;0,007816
2698,5926;0,008237
2700,4563;0,008252
2702,3199;0,007859
2704,1836;0,007958
2706,0473;0,008365
2707,9109;0,008707
2709,7746;0,008822
2711,6383;0,008651
2713,5019;0,008577
2715,3656;0,008794
2717,2293;0,008978
2719,0930;0,009050
2720,9566;0,009508
2722,8203;0,009636
2724,6840;0,008868
2726,5476;0,008548
2728,4113;0,008604
2730,2750;0,008423
2732,1386;0,008710
2734,0023;0,008703
2735,8660;0,007877
2737,7296;0,007723
2739,5933;0,008217
2741,4570;0,008408
2743,3206;0,008366
2745,1843;0,008195
2747,0480;0,008332
2748,9117;0,008436
2750,7753;0,008826
2752,6390;0,008702
2754,5027;0,008157
2756,3663;0,008484
2758,2300;0,009017
2760,0937;0,008950
2761,9573;0,008643
2763,8210;0,008883
2765,6847;0,009198
2767,5483;0,009161
2769,4120;0,009626
2771,2757;0,009929
2773,1394;0,009494
2775,0030;0,009556
2776,8667;0,010274
2778,7304;0,010837
2780,5940;0,010574
2782,4577;0,010036
2784,3214;0,010265
2786,1850;0,010813
2788,0487;0,011091
2789,9124;0,011039
2791,7760;0,011021
2793,6397;0,011550
2795,5034;0,012079
2797,3670;0,013015
2799,2307;0,013459
2801,0944;0,012947
2802,9581;0,012998
2804,8217;0,013856
2806,6854;0,014401
2808,5491;0,014420
2810,4127;0,014712
2812,2764;0,015273
2814,1401;0,015526
2816,0037;0,015855
2817,8674;0,016120
2819,7311;0,016279
2821,5947;0,016397
2823,4584;0,016814
2825,3221;0,016824
2827,1857;0,016920
2829,0494;0,018092
2830,9131;0,018821
2832,7768;0,019009
2834,6404;0,020348
2836,5041;0,021855
2838,3678;0,022476
2840,2314;0,023226
2842,0951;0,023954
2843,9588;0,024747
2845,8224;0,025905
2847,6861;0,027144
2849,5498;0,028803
2851,4134;0,030631
2853,2771;0,031536
2855,1408;0,033122
2857,0045;0,035602
2858,8681;0,037556
2860,7318;0,039545
2862,5955;0,041964
2864,4591;0,044367
2866,3228;0,046637
2868,1865;0,048331
2870,0501;0,050704
2871,9138;0,053691
2873,7775;0,056054
2875,6411;0,058102
2877,5048;0,059712
2879,3685;0,060760
2881,2321;0,061448
2883,0958;0,061645
2884,9595;0,061144
2886,8232;0,059759
2888,6868;0,057911
2890,5505;0,056325
2892,4142;0,055340
2894,2778;0,054198
2896,1415;0,052810
2898,0052;0,051807
2899,8688;0,051653
2901,7325;0,051865
2903,5962;0,051610
2905,4598;0,051282
2907,3235;0,051203
2909,1872;0,051974
2911,0509;0,053180
2912,9145;0,053337
2914,7782;0,053551
2916,6419;0,053910
2918,5055;0,055034
2920,3692;0,056470
2922,2329;0,057411
2924,0965;0,058468
2925,9602;0,059632
2927,8239;0,060694
2929,6875;0,061529
2931,5512;0,061315
2933,4149;0,060494
2935,2785;0,059524
2937,1422;0,057882
2939,0059;0,055555
2940,8696;0,053202
2942,7332;0,051085
2944,5969;0,049372
2946,4606;0,048932
2948,3242;0,050207
2950,1879;0,052573
2952,0516;0,057864
2953,9152;0,066993
2955,7789;0,077602
2957,6426;0,090314
2959,5062;0,108499
2961,3699;0,131471
2963,2336;0,155682
2965,0972;0,179017
2966,9609;0,198907
2968,8246;0,208827
2970,6883;0,204018
2972,5519;0,187380
2974,4156;0,163511
2976,2793;0,137829
2978,1429;0,114297
2980,0066;0,093669
2981,8703;0,075344
2983,7339;0,059499
2985,5976;0,047084
2987,4613;0,038711
2989,3249;0,032674
2991,1886;0,028222
2993,0523;0,023856
2994,9160;0,020222
2996,7796;0,018417
2998,6433;0,017171
3000,5070;0,016016
3002,3706;0,014003
3004,2343;0,012703
3006,0980;0,012361
3007,9616;0,011622
3009,8253;0,011154
3011,6890;0,010635
3013,5526;0,009814
3015,4163;0,009737
3017,2800;0,009965
3019,1436;0,009065
3021,0073;0,008382
3022,8710;0,007954
3024,7347;0,007829
3026,5983;0,007762
3028,4620;0,007502
3030,3257;0,007971
3032,1893;0,008410
3034,0530;0,008511
3035,9167;0,008268
3037,7803;0,007704
3039,6440;0,007113
3041,5077;0,007440
3043,3713;0,007929
3045,2350;0,007686
3047,0987;0,007526
3048,9624;0,007613
3050,8260;0,007277
3052,6897;0,007489
3054,5534;0,007997
3056,4170;0,007088
3058,2807;0,007119
3060,1444;0,008670
3062,0080;0,008475
3063,8717;0,007678
3065,7354;0,008396
3067,5990;0,008313
3069,4627;0,008216
3071,3264;0,008814
3073,1900;0,008741
3075,0537;0,007975
3076,9174;0,008470
3078,7811;0,009228
3080,6447;0,009043
3082,5084;0,009017
3084,3721;0,010013
3086,2357;0,010274
3088,0994;0,010040
3089,9631;0,009746
3091,8267;0,009304
3093,6904;0,009401
3095,5541;0,009901
3097,4177;0,010687
3099,2814;0,010213
3101,1451;0,009758
3103,0087;0,010801
3104,8724;0,011071
3106,7361;0,011530
3108,5998;0,012018
3110,4634;0,012264
3112,3271;0,012867
3114,1908;0,013685
3116,0544;0,014307
3117,9181;0,013885
3119,7818;0,013859
3121,6454;0,015121
3123,5091;0,015737
3125,3728;0,015708
3127,2364;0,014991
3129,1001;0,015071
3130,9638;0,016382
3132,8275;0,016851
3134,6911;0,016705
3136,5548;0,016773
3138,4185;0,017774
3140,2821;0,018592
3142,1458;0,018636
3144,0095;0,018790
3145,8731;0,019792
3147,7368;0,020701
3149,6005;0,022177
3151,4641;0,022786
3153,3278;0,021675
3155,1915;0,021913
3157,0551;0,022985
3158,9188;0,023443
3160,7825;0,023287
3162,6462;0,023647
3164,5098;0,024845
3166,3735;0,025692
3168,2372;0,026075
3170,1008;0,026174
3171,9645;0,026814
3173,8282;0,028425
3175,6918;0,029675
3177,5555;0,030506
3179,4192;0,031098
3181,2828;0,032136
3183,1465;0,033977
3185,0102;0,034828
3186,8739;0,034761
3188,7375;0,035556
3190,6012;0,036912
3192,4649;0,038137
3194,3285;0,038698
3196,1922;0,038782
3198,0559;0,038929
3199,9195;0,040013
3201,7832;0,042406
3203,6469;0,043907
3205,5105;0,043254
3207,3742;0,043436
3209,2379;0,045336
3211,1015;0,047106
3212,9652;0,047858
3214,8289;0,048965
3216,6926;0,050603
3218,5562;0,051449
3220,4199;0,052031
3222,2836;0,052921
3224,1472;0,053278
3226,0109;0,053883
3227,8746;0,055757
3229,7382;0,057429
3231,6019;0,058273
3233,4656;0,059873
3235,3292;0,061609
3237,1929;0,062735
3239,0566;0,064027
3240,9202;0,065223
3242,7839;0,066018
3244,6476;0,067693
3246,5113;0,068744
3248,3749;0,069232
3250,2386;0,071173
3252,1023;0,073087
3253,9659;0,073253
3255,8296;0,073645
3257,6933;0,075097
3259,5569;0,076330
3261,4206;0,077076
3263,2843;0,078106
3265,1479;0,080144
3267,0116;0,080962
3268,8753;0,081762
3270,7390;0,083550
3272,6026;0,084635
3274,4663;0,084895
3276,3300;0,085390
3278,1936;0,085993
3280,0573;0,087260
3281,9210;0,088171
3283,7846;0,088479
3285,6483;0,089382
3287,5120;0,090682
3289,3756;0,092063
3291,2393;0,092510
3293,1030;0,093170
3294,9666;0,095185
3296,8303;0,096404
3298,6940;0,096845
3300,5577;0,096933
3302,4213;0,097881
3304,2850;0,098558
3306,1487;0,098958
3308,0123;0,100914
3309,8760;0,102163
3311,7397;0,101821
3313,6033;0,101705
3315,4670;0,102831
3317,3307;0,103805
3319,1943;0,103974
3321,0580;0,104328
3322,9217;0,105183
3324,7854;0,105963
3326,6490;0,106081
3328,5127;0,105842
3330,3764;0,106034
3332,2400;0,107965
3334,1037;0,108674
3335,9674;0,107095
3337,8310;0,106940
3339,6947;0,108132
3341,5584;0,107912
3343,4220;0,106388
3345,2857;0,105957
3347,1494;0,106093
3349,0130;0,105243
3350,8767;0,104809
3352,7404;0,105842
3354,6041;0,105522
3356,4677;0,103878
3358,3314;0,104141
3360,1951;0,104632
3362,0587;0,104280
3363,9224;0,103212
3365,7861;0,101616
3367,6497;0,100136
3369,5134;0,100069
3371,3771;0,100296
3373,2407;0,098360
3375,1044;0,097383
3376,9681;0,097185
3378,8317;0,094823
3380,6954;0,092915
3382,5591;0,092971
3384,4228;0,092125
3386,2864;0,091113
3388,1501;0,090369
3390,0138;0,089052
3391,8774;0,087594
3393,7411;0,086925
3395,6048;0,084905
3397,4684;0,083866
3399,3321;0,083699
3401,1958;0,081226
3403,0594;0,079969
3404,9231;0,079773
3406,7868;0,078203
3408,6505;0,075881
3410,5141;0,073572
3412,3778;0,072403
3414,2415;0,071500
3416,1051;0,070065
3417,9688;0,069524
3419,8325;0,068690
3421,6961;0,067393
3423,5598;0,066852
3425,4235;0,066202
3427,2871;0,064859
3429,1508;0,063397
3431,0145;0,061740
3432,8781;0,060694
3434,7418;0,059465
3436,6055;0,058499
3438,4692;0,058340
3440,3328;0,057456
3442,1965;0,055841
3444,0602;0,054983
3445,9238;0,053380
3447,7875;0,051539
3449,6512;0,050685
3451,5148;0,050534
3453,3785;0,049044
3455,2422;0,047199
3457,1058;0,046650
3458,9695;0,046390
3460,8332;0,044443
3462,6969;0,043595
3464,5605;0,043136
3466,4242;0,041045
3468,2879;0,039940
3470,1515;0,039081
3472,0152;0,037406
3473,8789;0,035564
3475,7425;0,034817
3477,6062;0,034854
3479,4699;0,033211
3481,3335;0,032535
3483,1972;0,031786
3485,0609;0,030644
3486,9245;0,030111
3488,7882;0,028661
3490,6519;0,026820
3492,5156;0,026120
3494,3792;0,026170
3496,2429;0,025413
3498,1066;0,024398
3499,9702;0,024051
3501,8339;0,023400
3503,6976;0,022369
3505,5612;0,021318
3507,4249;0,019634
3509,2886;0,018400
3511,1522;0,018666
3513,0159;0,018661
3514,8796;0,017466
3516,7432;0,016910
3518,6069;0,016370
3520,4706;0,015061
3522,3343;0,014871
3524,1979;0,014363
3526,0616;0,013165
3527,9253;0,013814
3529,7889;0,013032
3531,6526;0,011791
3533,5163;0,012103
3535,3799;0,011810
3537,2436;0,010712
3539,1073;0,009264
3540,9709;0,008885
3542,8346;0,009837
3544,6983;0,009895
3546,5620;0,009250
3548,4256;0,008280
3550,2893;0,007558
3552,1530;0,007168
3554,0166;0,007097
3555,8803;0,006758
3557,7440;0,006165
3559,6076;0,006253
3561,4713;0,005934
3563,3350;0,005249
3565,1986;0,005719
3567,0623;0,005511
3568,9260;0,004478
3570,7896;0,003990
3572,6533;0,004914
3574,5170;0,005644
3576,3807;0,004487
3578,2443;0,003143
3580,1080;0,002291
3581,9717;0,002048
3583,8353;0,002271
3585,6990;0,001951
3587,5627;0,002174
3589,4263;0,001636
3591,2900;0,000985
3593,1537;0,001485
3595,0173;0,001764
3596,8810;0,000649
3598,7447;0,001030
3600,6084;0,002263
3602,4720;0,001204
3604,3357;0,001457
3606,1994;0,002437
3608,0630;0,001701
3609,9267;0,000908
3611,7904;0,000951
3613,6540;0,000316
3615,5177;0,000406
3617,3814;0,001229
3619,2450;0,000581
3621,1087;0,000043
3622,9724;0,000118
3624,8360;0,001285
3626,6997;0,001930
3628,5634;0,000921
3630,4271;0,000752
3632,2907;-0,000032
3634,1544;-0,000362
3636,0181;0,000462
3637,8817;0,000924
3639,7454;0,001162
3641,6091;0,000364
3643,4727;-0,000801
3645,3364;-0,000296
3647,2001;-0,000068
3649,0637;-0,000303
3650,9274;-0,000370
3652,7911;-0,000642
3654,6547;-0,001395
3656,5184;-0,001964
3658,3821;-0,001702
3660,2458;-0,001047
3662,1094;-0,000622
3663,9731;-0,001122
3665,8368;-0,001107
3667,7004;-0,000611
3669,5641;-0,000012
3671,4278;0,000621
3673,2914;0,000768
3675,1551;0,000056
3677,0188;0,000239
3678,8824;0,000248
3680,7461;-0,000863
3682,6098;-0,000986
3684,4735;-0,000728
3686,3371;-0,001367
3688,2008;-0,001461
3690,0645;-0,000956
3691,9281;-0,000665
3693,7918;-0,001175
3695,6555;-0,001080
3697,5191;-0,001099
3699,3828;-0,000946
3701,2465;-0,000553
3703,1101;-0,000277
3704,9738;0,001090
3706,8375;0,001384
3708,7011;0,000260
3710,5648;-0,000354
3712,4285;-0,000361
3714,2922;-0,001372
3716,1558;-0,001451
3718,0195;-0,001258
3719,8832;-0,001628
3721,7468;-0,001247
3723,6105;-0,000877
3725,4742;-0,000847
3727,3378;-0,000864
3729,2015;-0,001754
3731,0652;-0,002141
3732,9288;-0,001530
3734,7925;-0,001222
3736,6562;-0,001049
3738,5199;-0,001294
3740,3835;-0,000603
3742,2472;-0,000111
3744,1109;-0,000359
3745,9745;-0,001286
3747,8382;-0,001970
3749,7019;-0,001584
3751,5655;-0,001255
3753,4292;-0,001094
3755,2929;-0,000640
3757,1565;-0,000677
3759,0202;-0,001529
3760,8839;-0,001607
3762,7475;-0,000579
3764,6112;-0,000278
3766,4749;-0,000274
3768,3386;0,000797
3770,2022;0,000338
3772,0659;-0,000800
3773,9296;-0,000823
3775,7932;-0,000595
3777,6569;-0,000796
3779,5206;-0,001175
3781,3842;-0,001289
3783,2479;-0,000854
3785,1116;-0,000883
3786,9752;-0,001162
3788,8389;-0,000679
3790,7026;-0,000714
3792,5662;-0,000852
3794,4299;-0,000503
3796,2936;-0,000281
3798,1573;-0,000046
3800,0209;-0,000466
3801,8846;-0,000608
3803,7483;-0,000098
3805,6119;-0,000707
3807,4756;-0,000975
3809,3393;-0,000741
3811,2029;-0,000794
3813,0666;-0,000242
3814,9303;-0,000163
3816,7939;-0,000409
3818,6576;-0,000833
3820,5213;-0,000920
3822,3850;-0,000475
3824,2486;-0,000015
3826,1123;-0,000120
3827,9760;-0,000199
3829,8396;0,000141
3831,7033;-0,000084
3833,5670;0,000182
3835,4306;0,000632
3837,2943;0,000023
3839,1580;-0,000713
3841,0216;-0,001206
3842,8853;-0,001754
3844,7490;-0,001683
3846,6126;-0,001105
3848,4763;-0,000869
3850,3400;-0,000431
3852,2037;-0,000783
3854,0673;-0,001106
3855,9310;-0,000940
3857,7947;-0,001267
3859,6583;-0,000864
3861,5220;-0,000596
3863,3857;-0,000656
3865,2493;-0,000518
3867,1130;-0,000561
3868,9767;-0,000529
3870,8403;-0,000533
3872,7040;-0,000131
3874,5677;0,000070
3876,4314;-0,001073
3878,2950;-0,001399
3880,1587;-0,000634
3882,0224;-0,000193
3883,8860;0,000042
3885,7497;-0,000285
3887,6134;-0,000773
3889,4770;-0,000565
3891,3407;0,000007
3893,2044;-0,000099
3895,0680;-0,000909
3896,9317;-0,001428
3898,7954;-0,000996
3900,6590;-0,000325
3902,5227;-0,000337
3904,3864;-0,000984
3906,2501;-0,001424
3908,1137;-0,001083
3909,9774;-0,000714
3911,8411;-0,000384
3913,7047;-0,000144
3915,5684;-0,000852
3917,4321;-0,001036
3919,2957;-0,000133
3921,1594;0,000965
3923,0231;0,000967
3924,8867;-0,000449
3926,7504;-0,001315
3928,6141;-0,001071
3930,4777;-0,001159
3932,3414;-0,000846
3934,2051;-0,000730
3936,0688;-0,000729
3937,9324;-0,000067
3939,7961;0,000247
3941,6598;-0,000520
3943,5234;-0,001071
3945,3871;-0,000740
3947,2508;-0,000618
3949,1144;-0,000478
3950,9781;-0,000172
3952,8418;-0,000154
3954,7054;-0,000136
3956,5691;0,000361
3958,4328;-0,000039
3960,2965;-0,001173
3962,1601;-0,000513
3964,0238;0,000080
3965,8875;-0,000945
3967,7511;-0,001148
3969,6148;0,000024
3971,4785;-0,000040
3973,3421;-0,000810
3975,2058;-0,000320
3977,0695;0,000506
3978,9331;0,000228
3980,7968;-0,000538
3982,6605;-0,000198
3984,5241;0,000023
3986,3878;-0,000323
3988,2515;-0,000487
3990,1152;-0,000163
3991,9788;-0,000358
3993,8425;-0,000403
3995,7062;-0,000127
3997,5698;-0,000374
3999,4335;0,000229
